{
  "__version__": "1.0.1",
  "information": {
    "customSplash": {
      "id": "customSplash",
      "label": "customSplash",
      "enable": true,
      "customSplash": {
        "complete": false,
        "form": "https://creator-api.cocos.com/api/form/show?sid=6644cd98238814f6d81e567b7080af60"
      }
    },
    "removeSplash": {
      "id": "removeSplash",
      "label": "removeSplash",
      "enable": true,
      "removeSplash": {
        "complete": false,
        "form": "https://creator-api.cocos.com/api/form/show?sid=6644cd98238814f6d81e567b7080af60"
      }
    }
  }
}
