{
  "imports": {
    "cce:/internal/x/cc": "./chunks/93/93ba276ea7b26ffcdc433fab14afc1ed6f05647b.js",
    "cce:/internal/x/prerequisite-imports": "./chunks/6d/6d8fd2b0177941b032ddc0733af48a561fb60657.js",
    "file:///C:/Users/%E4%B8%80%E6%9E%9D%E7%A6%BE%E8%8B%97%E5%8E%8B%E8%AE%B8%E9%9D%92/Desktop/%E6%B8%B8%E6%88%8F%E5%BC%80%E5%8F%91/MiGong/assets/Scripts/GameManager.ts": "./chunks/c6/c6121dce967ab6c81620452e2d4def1986a3afb0.js",
    "file:///C:/Users/%E4%B8%80%E6%9E%9D%E7%A6%BE%E8%8B%97%E5%8E%8B%E8%AE%B8%E9%9D%92/Desktop/%E6%B8%B8%E6%88%8F%E5%BC%80%E5%8F%91/MiGong/assets/Scripts/Map/MapController.ts": "./chunks/80/80fbb3e00412d922890a662c962417c2108748d3.js",
    "file:///C:/Users/%E4%B8%80%E6%9E%9D%E7%A6%BE%E8%8B%97%E5%8E%8B%E8%AE%B8%E9%9D%92/Desktop/%E6%B8%B8%E6%88%8F%E5%BC%80%E5%8F%91/MiGong/assets/Scripts/Player/PlayerController.ts": "./chunks/41/41dec77f1ca9050d27fa3921a0b607370b7782c5.js",
    "file:///C:/Users/%E4%B8%80%E6%9E%9D%E7%A6%BE%E8%8B%97%E5%8E%8B%E8%AE%B8%E9%9D%92/Desktop/%E6%B8%B8%E6%88%8F%E5%BC%80%E5%8F%91/MiGong/assets/Scripts/Properties/GameProperties.ts": "./chunks/06/06f4c3107dbe495483fdd8c60f057d749d274058.js",
    "file:///C:/Users/%E4%B8%80%E6%9E%9D%E7%A6%BE%E8%8B%97%E5%8E%8B%E8%AE%B8%E9%9D%92/Desktop/%E6%B8%B8%E6%88%8F%E5%BC%80%E5%8F%91/MiGong/assets/Scripts/UI/UIController.ts": "./chunks/1e/1e2955d54368e16fef1614e2f7e432eff6db23a0.js",
    "file:///C:/Users/%E4%B8%80%E6%9E%9D%E7%A6%BE%E8%8B%97%E5%8E%8B%E8%AE%B8%E9%9D%92/Desktop/orange/Creator/Creator/3.8.3/resources/resources/3d/engine/editor/assets/tools/debug-view-runtime-control.ts": "./chunks/7f/7fe2b7650a4613dedc5e0137e29900f09b7625bf.js"
  },
  "scopes": {
    "./chunks/93/93ba276ea7b26ffcdc433fab14afc1ed6f05647b.js": {
      "__unresolved_0": "cce:/internal/x/cc-fu/base",
      "__unresolved_1": "cce:/internal/x/cc-fu/gfx-webgl",
      "__unresolved_10": "cce:/internal/x/cc-fu/particle",
      "__unresolved_11": "cce:/internal/x/cc-fu/particle-2d",
      "__unresolved_12": "cce:/internal/x/cc-fu/physics-framework",
      "__unresolved_13": "cce:/internal/x/cc-fu/physics-2d-framework",
      "__unresolved_14": "cce:/internal/x/cc-fu/physics-2d-box2d-wasm",
      "__unresolved_15": "cce:/internal/x/cc-fu/intersection-2d",
      "__unresolved_16": "cce:/internal/x/cc-fu/primitive",
      "__unresolved_17": "cce:/internal/x/cc-fu/profiler",
      "__unresolved_18": "cce:/internal/x/cc-fu/geometry-renderer",
      "__unresolved_19": "cce:/internal/x/cc-fu/audio",
      "__unresolved_2": "cce:/internal/x/cc-fu/gfx-webgl2",
      "__unresolved_20": "cce:/internal/x/cc-fu/video",
      "__unresolved_21": "cce:/internal/x/cc-fu/xr",
      "__unresolved_22": "cce:/internal/x/cc-fu/light-probe",
      "__unresolved_23": "cce:/internal/x/cc-fu/terrain",
      "__unresolved_24": "cce:/internal/x/cc-fu/webview",
      "__unresolved_25": "cce:/internal/x/cc-fu/tween",
      "__unresolved_26": "cce:/internal/x/cc-fu/tiled-map",
      "__unresolved_27": "cce:/internal/x/cc-fu/spine",
      "__unresolved_28": "cce:/internal/x/cc-fu/dragon-bones",
      "__unresolved_29": "cce:/internal/x/cc-fu/custom-pipeline",
      "__unresolved_3": "cce:/internal/x/cc-fu/gfx-empty",
      "__unresolved_4": "cce:/internal/x/cc-fu/3d",
      "__unresolved_5": "cce:/internal/x/cc-fu/animation",
      "__unresolved_6": "cce:/internal/x/cc-fu/skeletal-animation",
      "__unresolved_7": "cce:/internal/x/cc-fu/2d",
      "__unresolved_8": "cce:/internal/x/cc-fu/sorting",
      "__unresolved_9": "cce:/internal/x/cc-fu/ui"
    },
    "./chunks/6d/6d8fd2b0177941b032ddc0733af48a561fb60657.js": {
      "__unresolved_0": "./chunks/c6/c6121dce967ab6c81620452e2d4def1986a3afb0.js",
      "__unresolved_1": "./chunks/80/80fbb3e00412d922890a662c962417c2108748d3.js",
      "__unresolved_2": "./chunks/41/41dec77f1ca9050d27fa3921a0b607370b7782c5.js",
      "__unresolved_3": "./chunks/06/06f4c3107dbe495483fdd8c60f057d749d274058.js",
      "__unresolved_4": "./chunks/1e/1e2955d54368e16fef1614e2f7e432eff6db23a0.js",
      "__unresolved_5": "./chunks/7f/7fe2b7650a4613dedc5e0137e29900f09b7625bf.js"
    },
    "./chunks/7f/7fe2b7650a4613dedc5e0137e29900f09b7625bf.js": {
      "cc": "./chunks/93/93ba276ea7b26ffcdc433fab14afc1ed6f05647b.js"
    },
    "./chunks/1e/1e2955d54368e16fef1614e2f7e432eff6db23a0.js": {
      "__unresolved_0": "./chunks/6a/6a5019a719a9014c047e67aa1cf34453ab8392ce.js",
      "__unresolved_1": "./chunks/06/06f4c3107dbe495483fdd8c60f057d749d274058.js",
      "cc": "./chunks/93/93ba276ea7b26ffcdc433fab14afc1ed6f05647b.js"
    },
    "./chunks/06/06f4c3107dbe495483fdd8c60f057d749d274058.js": {
      "cc": "./chunks/93/93ba276ea7b26ffcdc433fab14afc1ed6f05647b.js"
    },
    "./chunks/41/41dec77f1ca9050d27fa3921a0b607370b7782c5.js": {
      "__unresolved_0": "./chunks/6a/6a5019a719a9014c047e67aa1cf34453ab8392ce.js",
      "__unresolved_1": "./chunks/06/06f4c3107dbe495483fdd8c60f057d749d274058.js",
      "cc": "./chunks/93/93ba276ea7b26ffcdc433fab14afc1ed6f05647b.js"
    },
    "./chunks/80/80fbb3e00412d922890a662c962417c2108748d3.js": {
      "__unresolved_0": "./chunks/6a/6a5019a719a9014c047e67aa1cf34453ab8392ce.js",
      "__unresolved_1": "./chunks/06/06f4c3107dbe495483fdd8c60f057d749d274058.js",
      "cc": "./chunks/93/93ba276ea7b26ffcdc433fab14afc1ed6f05647b.js"
    },
    "./chunks/c6/c6121dce967ab6c81620452e2d4def1986a3afb0.js": {
      "__unresolved_0": "./chunks/6a/6a5019a719a9014c047e67aa1cf34453ab8392ce.js",
      "__unresolved_1": "./chunks/06/06f4c3107dbe495483fdd8c60f057d749d274058.js",
      "cc": "./chunks/93/93ba276ea7b26ffcdc433fab14afc1ed6f05647b.js"
    }
  }
}
