{
  "gizmos-infos": {
    "is2D": true,
    "is3DIcon": false,
    "iconSize": 2,
    "gridVisible": true,
    "gridColor": [
      166,
      166,
      166,
      255
    ],
    "transformToolName": "position",
    "pivot": "pivot",
    "coordinate": "local",
    "toolsVisibility3d": true
  },
  "__version__": "1.0.0",
  "builder": {
    "taskOptionsMap": {},
    "__version__": "1.3.8"
  },
  "snap-configs": {
    "position": {
      "x": 1,
      "y": 1,
      "z": 1
    },
    "rotation": 1,
    "scale": 1,
    "isPositionSnapEnabled": false,
    "isRotationSnapEnabled": false,
    "isScaleSnapEnabled": false
  },
  "rect-snap-configs": {
    "enableSnapping": true,
    "snapThreshold": 4
  },
  "float-window": {
    "position": {
      "cc": {
        "Camera": {
          "dock": false,
          "top": null,
          "bottom": 10,
          "left": null,
          "right": 10
        }
      }
    }
  },
  "camera-infos": {
    "ee03a0ab-caa4-48f5-9f83-1774529a74b0": {
      "position": {
        "x": 644.9497035881054,
        "y": 339.3762350495522,
        "z": 5000
      },
      "rotation": {
        "x": 0,
        "y": 0,
        "z": 0,
        "w": 1
      },
      "viewCenter": {
        "x": 0,
        "y": 0,
        "z": 0
      },
      "contentRect": {
        "x": 380.3022256862607,
        "y": 190.51202872976452,
        "width": 910,
        "height": 511.875
      },
      "scale": 1.7192682265755628
    },
    "a7f3afd8-f6e3-45bf-98ac-97b9397588a1": {
      "position": {
        "x": 639.9999999999999,
        "y": 360,
        "z": 5000
      },
      "rotation": {
        "x": 0,
        "y": 0,
        "z": 0,
        "w": 1
      },
      "viewCenter": {
        "x": 0,
        "y": 0,
        "z": 0
      },
      "contentRect": {
        "x": 624.4583333333333,
        "y": 344.4583333333333,
        "width": 504,
        "height": 504
      },
      "scale": 16.8
    },
    "4cf9ec67-77fe-4fa2-b458-b0aaf43b2b30": {
      "position": {
        "x": 655,
        "y": 375.00000000000006,
        "z": 5000
      },
      "rotation": {
        "x": 0,
        "y": 0,
        "z": 0,
        "w": 1
      },
      "viewCenter": {
        "x": 0,
        "y": 0,
        "z": 0
      },
      "contentRect": {
        "x": 640,
        "y": 360,
        "width": 522.2,
        "height": 522.2
      },
      "scale": 17.40666666666667
    },
    "fe561488-8efd-4ae6-87d0-6c62a9a5cdb3": {
      "position": {
        "x": 640,
        "y": 360,
        "z": 5000
      },
      "rotation": {
        "x": 0,
        "y": 0,
        "z": 0,
        "w": 1
      },
      "viewCenter": {
        "x": 0,
        "y": 0,
        "z": 0
      },
      "contentRect": {
        "x": 0,
        "y": -30.783410138248808,
        "width": 1215.2,
        "height": 683.55
      },
      "scale": 0.9493750000000001
    },
    "d1fc85e1-ded0-4a98-a64e-7f9244602055": {
      "position": {
        "x": 526.7825,
        "y": 306.6591666666667,
        "z": 5000
      },
      "rotation": {
        "x": 0,
        "y": 0,
        "z": 0,
        "w": 1
      },
      "viewCenter": {
        "x": 0,
        "y": 0,
        "z": 0
      },
      "contentRect": {
        "x": 0,
        "y": 22.96875,
        "width": 521.5,
        "height": 325.5
      },
      "scale": 0.7
    },
    "1338428a-1d7c-435f-8e5e-d30576ac7a29": {
      "position": {
        "x": 573.4144913392527,
        "y": 389.4021296953074,
        "z": 5000
      },
      "rotation": {
        "x": 0,
        "y": 0,
        "z": 0,
        "w": 1
      },
      "viewCenter": {
        "x": 0,
        "y": 0,
        "z": 0
      },
      "contentRect": {
        "x": 573.4144913392528,
        "y": 389.4021296953074,
        "width": 0,
        "height": 0
      },
      "scale": 0.5221368912137067
    }
  },
  "camera-uuids": [
    "ee03a0ab-caa4-48f5-9f83-1774529a74b0",
    "a7f3afd8-f6e3-45bf-98ac-97b9397588a1",
    "4cf9ec67-77fe-4fa2-b458-b0aaf43b2b30",
    "fe561488-8efd-4ae6-87d0-6c62a9a5cdb3",
    "d1fc85e1-ded0-4a98-a64e-7f9244602055",
    "1338428a-1d7c-435f-8e5e-d30576ac7a29"
  ],
  "camera": {
    "color": [
      48,
      48,
      48,
      255
    ],
    "fov": 45,
    "far": 10000,
    "near": 0.01,
    "wheelSpeed": 0.01,
    "wanderSpeed": 10,
    "enableAcceleration": true,
    "size": "__default_design__",
    "far2D": 10000,
    "near2D": 1,
    "wheelSpeed2D": 6,
    "iso": 0,
    "aperture": 19,
    "shutter": 7
  },
  "scene_view": {
    "isSceneLightOn": true,
    "output_device": "__default_design__"
  },
  "game-view": {
    "devicesInfo": {
      "name": "16:10",
      "type": "ratio",
      "width": 16,
      "height": 10
    }
  }
}
