{
  "__version__": "1.0.1",
  "builder": {
    "common": {
      "polyfills": {
        "asyncFunctions": true
      },
      "name": "无尽迷宫",
      "overwriteProjectSettings": {
        "includeModules": {
          "gfx-webgl2": "inherit-project-setting"
        }
      },
      "useBuiltinServer": false
    },
    "taskOptionsMap": {
      "1732175635937": {
        "resolution": {
          "designWidth": 1280,
          "designHeight": 960
        },
        "__version__": "1.0.1"
      }
    },
    "__version__": "1.3.8"
  }
}
