{
  "ed85d1bb-08dd-427a-a094-e442091c141a": {
    "url": "db://assets/resources",
    "value": {},
    "versionCode": 1
  },
  "76f192f2-6713-4586-88e8-5a30ca847db9": {
    "url": "db://assets/Scenes",
    "value": {},
    "versionCode": 1
  },
  "6b8bd0b6-c0cc-4be5-8265-edca8713c831": {
    "url": "db://assets/Scripts",
    "value": {},
    "versionCode": 1
  },
  "ee1f6b9a-98ad-4560-b6bf-0bdcc797b40a": {
    "url": "db://assets/resources/Prefabs",
    "value": {},
    "versionCode": 1
  },
  "13471ac1-3c81-40ef-8b15-18fc9f906d90": {
    "url": "db://assets/Scripts/Map",
    "value": {},
    "versionCode": 1
  },
  "4b6d0fd1-95a3-4901-a6b8-420616509b61": {
    "url": "db://assets/Scripts/Player",
    "value": {},
    "versionCode": 1
  },
  "9827a707-f1c9-4e93-9eb4-7d0bf1a779e8": {
    "url": "db://assets/Scripts/Properties",
    "value": {},
    "versionCode": 1
  },
  "ff83b409-9261-42a7-b3ca-d88dc18dd438": {
    "url": "db://assets/Scripts/UI",
    "value": {},
    "versionCode": 1
  },
  "a675bb6d-9e5c-4ac3-8bea-93c3975a065f": {
    "url": "db://assets/Scripts/GameManager.ts",
    "value": {},
    "versionCode": 1
  },
  "97122db0-8f86-4845-b511-8eaf179d39c7": {
    "url": "db://assets/Scripts/Map/MapController.ts",
    "value": {},
    "versionCode": 1
  },
  "a499a96a-61dc-441c-b6a0-6f0aa6a948fb": {
    "url": "db://assets/Scripts/Player/PlayerController.ts",
    "value": {},
    "versionCode": 1
  },
  "47e4d43d-3a52-4adf-9056-d8a0c1c35b9a": {
    "url": "db://assets/Scripts/Properties/GameProperties.ts",
    "value": {},
    "versionCode": 1
  },
  "da5d44b7-4995-4c86-9e6d-8bbdac84d5ef": {
    "url": "db://assets/Scripts/UI/UIController.ts",
    "value": {},
    "versionCode": 1
  },
  "1338428a-1d7c-435f-8e5e-d30576ac7a29": {
    "url": "db://assets/Scenes/main.scene",
    "value": {
      "depends": [
        "1338428a-1d7c-435f-8e5e-d30576ac7a29",
        "02a21b0f-6945-4b42-93a1-a9ae4a5bde35",
        "ee345157-ce29-49a3-be7f-f56617be9776",
        "b2e1b8de-3331-48af-930a-dead64928476",
        "20835ba4-6145-4fbc-a58a-051ce700aa3e@f9941",
        "544e49d6-3f05-4fa8-9a9e-091f98fc2ce8@f9941",
        "951249e0-9f16-456d-8b85-a6ca954da16b@f9941"
      ],
      "dependScripts": [
        "CC3eba29-7abb-723a-f7ab-ae275e2277e8",
        "da5d44b7-4995-4c86-9e6d-8bbdac84d5ef",
        "a675bb6d-9e5c-4ac3-8bea-93c3975a065f"
      ]
    },
    "versionCode": 1
  },
  "a7f3afd8-f6e3-45bf-98ac-97b9397588a1": {
    "url": "db://assets/resources/Prefabs/DestinationWall.prefab",
    "value": {
      "depends": [
        "20835ba4-6145-4fbc-a58a-051ce700aa3e@f9941"
      ],
      "dependScripts": []
    },
    "versionCode": 1
  },
  "ee345157-ce29-49a3-be7f-f56617be9776": {
    "url": "db://assets/resources/Prefabs/Player.prefab",
    "value": {
      "depends": [
        "f12a23c4-b924-4322-a260-3d982428f1e8@f9941"
      ],
      "dependScripts": [
        "a499a96a-61dc-441c-b6a0-6f0aa6a948fb"
      ]
    },
    "versionCode": 1
  },
  "4cf9ec67-77fe-4fa2-b458-b0aaf43b2b30": {
    "url": "db://assets/resources/Prefabs/Wall.prefab",
    "value": {
      "depends": [
        "20835ba4-6145-4fbc-a58a-051ce700aa3e@f9941"
      ],
      "dependScripts": []
    },
    "versionCode": 1
  },
  "02a21b0f-6945-4b42-93a1-a9ae4a5bde35": {
    "url": "db://assets/resources/Prefabs/WallManager.prefab",
    "value": {
      "depends": [
        "4cf9ec67-77fe-4fa2-b458-b0aaf43b2b30",
        "a7f3afd8-f6e3-45bf-98ac-97b9397588a1"
      ],
      "dependScripts": [
        "97122db0-8f86-4845-b511-8eaf179d39c7"
      ]
    },
    "versionCode": 1
  }
}
