{
  "version": "1.0.0",
  "map": {
    "C:\\Users\\一枝禾苗压许青\\MiGong\\assets\\resources": {
      "time": 1735022133578.6904,
      "uuid": "ed85d1bb-08dd-427a-a094-e442091c141a"
    },
    "C:\\Users\\一枝禾苗压许青\\MiGong\\assets\\Scenes": {
      "time": 1735022133626.0537,
      "uuid": "76f192f2-6713-4586-88e8-5a30ca847db9"
    },
    "C:\\Users\\一枝禾苗压许青\\MiGong\\assets\\Scripts": {
      "time": 1735022133622.0144,
      "uuid": "6b8bd0b6-c0cc-4be5-8265-edca8713c831"
    },
    "C:\\Users\\一枝禾苗压许青\\MiGong\\assets\\resources\\Prefabs": {
      "time": 1735022133591.0283,
      "uuid": "ee1f6b9a-98ad-4560-b6bf-0bdcc797b40a"
    },
    "C:\\Users\\一枝禾苗压许青\\MiGong\\assets\\Scripts\\Map": {
      "time": 1735022133618.773,
      "uuid": "13471ac1-3c81-40ef-8b15-18fc9f906d90"
    },
    "C:\\Users\\一枝禾苗压许青\\MiGong\\assets\\Scripts\\Player": {
      "time": 1735022133613.795,
      "uuid": "4b6d0fd1-95a3-4901-a6b8-420616509b61"
    },
    "C:\\Users\\一枝禾苗压许青\\MiGong\\assets\\Scripts\\Properties": {
      "time": 1735022133607.7124,
      "uuid": "9827a707-f1c9-4e93-9eb4-7d0bf1a779e8"
    },
    "C:\\Users\\一枝禾苗压许青\\MiGong\\assets\\Scripts\\UI": {
      "time": 1735022133600.2292,
      "uuid": "ff83b409-9261-42a7-b3ca-d88dc18dd438"
    },
    "C:\\Users\\一枝禾苗压许青\\MiGong\\assets\\Scripts\\GameManager.ts": {
      "time": 1735022133423.1748,
      "uuid": "a675bb6d-9e5c-4ac3-8bea-93c3975a065f"
    },
    "C:\\Users\\一枝禾苗压许青\\MiGong\\assets\\Scripts\\Map\\MapController.ts": {
      "time": 1735022133441.9314,
      "uuid": "97122db0-8f86-4845-b511-8eaf179d39c7"
    },
    "C:\\Users\\一枝禾苗压许青\\MiGong\\assets\\Scripts\\Player\\PlayerController.ts": {
      "time": 1735022133445.9534,
      "uuid": "a499a96a-61dc-441c-b6a0-6f0aa6a948fb"
    },
    "C:\\Users\\一枝禾苗压许青\\MiGong\\assets\\Scripts\\Properties\\GameProperties.ts": {
      "time": 1735022133443.9446,
      "uuid": "47e4d43d-3a52-4adf-9056-d8a0c1c35b9a"
    },
    "C:\\Users\\一枝禾苗压许青\\MiGong\\assets\\Scripts\\UI\\UIController.ts": {
      "time": 1735022133439.8315,
      "uuid": "da5d44b7-4995-4c86-9e6d-8bbdac84d5ef"
    },
    "C:\\Users\\一枝禾苗压许青\\MiGong\\assets\\resources.meta": {
      "time": 1735022133413.7974
    },
    "C:\\Users\\一枝禾苗压许青\\MiGong\\assets\\Scenes.meta": {
      "time": 1735022133416.0088
    },
    "C:\\Users\\一枝禾苗压许青\\MiGong\\assets\\Scripts.meta": {
      "time": 1735022133412.7927
    },
    "C:\\Users\\一枝禾苗压许青\\MiGong\\assets\\resources\\Prefabs.meta": {
      "time": 1735022133422.1704
    },
    "C:\\Users\\一枝禾苗压许青\\MiGong\\assets\\Scripts\\Map.meta": {
      "time": 1735022133424.2185
    },
    "C:\\Users\\一枝禾苗压许青\\MiGong\\assets\\Scripts\\Player.meta": {
      "time": 1735022133430.6577
    },
    "C:\\Users\\一枝禾苗压许青\\MiGong\\assets\\Scripts\\Properties.meta": {
      "time": 1735022133427.6582
    },
    "C:\\Users\\一枝禾苗压许青\\MiGong\\assets\\Scripts\\UI.meta": {
      "time": 1735022133426.654
    },
    "C:\\Users\\一枝禾苗压许青\\MiGong\\assets\\Scripts\\GameManager.ts.meta": {
      "time": 1735022133430.6577
    },
    "C:\\Users\\一枝禾苗压许青\\MiGong\\assets\\Scripts\\Map\\MapController.ts.meta": {
      "time": 1735022133440.8362
    },
    "C:\\Users\\一枝禾苗压许青\\MiGong\\assets\\Scripts\\Player\\PlayerController.ts.meta": {
      "time": 1735022133444.9492
    },
    "C:\\Users\\一枝禾苗压许青\\MiGong\\assets\\Scripts\\Properties\\GameProperties.ts.meta": {
      "time": 1735022133444.9492
    },
    "C:\\Users\\一枝禾苗压许青\\MiGong\\assets\\Scripts\\UI\\UIController.ts.meta": {
      "time": 1735022133439.8315
    },
    "C:\\Users\\一枝禾苗压许青\\MiGong\\assets\\Scenes\\main.scene": {
      "time": 1735022133418.1052,
      "uuid": "1338428a-1d7c-435f-8e5e-d30576ac7a29"
    },
    "C:\\Users\\一枝禾苗压许青\\MiGong\\assets\\resources\\Prefabs\\DestinationWall.prefab": {
      "time": 1735022133435.6575,
      "uuid": "a7f3afd8-f6e3-45bf-98ac-97b9397588a1"
    },
    "C:\\Users\\一枝禾苗压许青\\MiGong\\assets\\resources\\Prefabs\\Player.prefab": {
      "time": 1735022133433.657,
      "uuid": "ee345157-ce29-49a3-be7f-f56617be9776"
    },
    "C:\\Users\\一枝禾苗压许青\\MiGong\\assets\\resources\\Prefabs\\Wall.prefab": {
      "time": 1735022133434.6572,
      "uuid": "4cf9ec67-77fe-4fa2-b458-b0aaf43b2b30"
    },
    "C:\\Users\\一枝禾苗压许青\\MiGong\\assets\\resources\\Prefabs\\WallManager.prefab": {
      "time": 1735022133436.8132,
      "uuid": "02a21b0f-6945-4b42-93a1-a9ae4a5bde35"
    },
    "C:\\Users\\一枝禾苗压许青\\MiGong\\assets\\resources\\Prefabs\\Wall.prefab.meta": {
      "time": 1735022133437.819
    },
    "C:\\Users\\一枝禾苗压许青\\MiGong\\assets\\resources\\Prefabs\\DestinationWall.prefab.meta": {
      "time": 1735022133433.657
    },
    "C:\\Users\\一枝禾苗压许青\\MiGong\\assets\\resources\\Prefabs\\WallManager.prefab.meta": {
      "time": 1735022133438.8257
    },
    "C:\\Users\\一枝禾苗压许青\\MiGong\\assets\\resources\\Prefabs\\Player.prefab.meta": {
      "time": 1735022133432.657
    },
    "C:\\Users\\一枝禾苗压许青\\MiGong\\assets\\Scenes\\main.scene.meta": {
      "time": 1735022133419.131
    },
    "C:\\Users\\一枝禾苗压许青\\Desktop\\游戏开发\\MiGong\\assets\\resources": {
      "time": 1735022133578.6904,
      "uuid": "ed85d1bb-08dd-427a-a094-e442091c141a"
    },
    "C:\\Users\\一枝禾苗压许青\\Desktop\\游戏开发\\MiGong\\assets\\Scenes": {
      "time": 1735022133626.0537,
      "uuid": "76f192f2-6713-4586-88e8-5a30ca847db9"
    },
    "C:\\Users\\一枝禾苗压许青\\Desktop\\游戏开发\\MiGong\\assets\\Scripts": {
      "time": 1735022133622.0144,
      "uuid": "6b8bd0b6-c0cc-4be5-8265-edca8713c831"
    },
    "C:\\Users\\一枝禾苗压许青\\Desktop\\游戏开发\\MiGong\\assets\\resources\\Prefabs": {
      "time": 1735022133591.0283,
      "uuid": "ee1f6b9a-98ad-4560-b6bf-0bdcc797b40a"
    },
    "C:\\Users\\一枝禾苗压许青\\Desktop\\游戏开发\\MiGong\\assets\\Scripts\\Map": {
      "time": 1735022133618.773,
      "uuid": "13471ac1-3c81-40ef-8b15-18fc9f906d90"
    },
    "C:\\Users\\一枝禾苗压许青\\Desktop\\游戏开发\\MiGong\\assets\\Scripts\\Player": {
      "time": 1735022133613.795,
      "uuid": "4b6d0fd1-95a3-4901-a6b8-420616509b61"
    },
    "C:\\Users\\一枝禾苗压许青\\Desktop\\游戏开发\\MiGong\\assets\\Scripts\\Properties": {
      "time": 1735022133607.7124,
      "uuid": "9827a707-f1c9-4e93-9eb4-7d0bf1a779e8"
    },
    "C:\\Users\\一枝禾苗压许青\\Desktop\\游戏开发\\MiGong\\assets\\Scripts\\UI": {
      "time": 1735022133600.2292,
      "uuid": "ff83b409-9261-42a7-b3ca-d88dc18dd438"
    },
    "C:\\Users\\一枝禾苗压许青\\Desktop\\游戏开发\\MiGong\\assets\\Scripts\\GameManager.ts": {
      "time": 1735022133423.1748,
      "uuid": "a675bb6d-9e5c-4ac3-8bea-93c3975a065f"
    },
    "C:\\Users\\一枝禾苗压许青\\Desktop\\游戏开发\\MiGong\\assets\\Scripts\\Map\\MapController.ts": {
      "time": 1735022133441.9314,
      "uuid": "97122db0-8f86-4845-b511-8eaf179d39c7"
    },
    "C:\\Users\\一枝禾苗压许青\\Desktop\\游戏开发\\MiGong\\assets\\Scripts\\Player\\PlayerController.ts": {
      "time": 1735022133445.9534,
      "uuid": "a499a96a-61dc-441c-b6a0-6f0aa6a948fb"
    },
    "C:\\Users\\一枝禾苗压许青\\Desktop\\游戏开发\\MiGong\\assets\\Scripts\\Properties\\GameProperties.ts": {
      "time": 1735022133443.9446,
      "uuid": "47e4d43d-3a52-4adf-9056-d8a0c1c35b9a"
    },
    "C:\\Users\\一枝禾苗压许青\\Desktop\\游戏开发\\MiGong\\assets\\Scripts\\UI\\UIController.ts": {
      "time": 1735022133439.8315,
      "uuid": "da5d44b7-4995-4c86-9e6d-8bbdac84d5ef"
    },
    "C:\\Users\\一枝禾苗压许青\\Desktop\\游戏开发\\MiGong\\assets\\resources.meta": {
      "time": 1735022133413.7974
    },
    "C:\\Users\\一枝禾苗压许青\\Desktop\\游戏开发\\MiGong\\assets\\Scenes.meta": {
      "time": 1735022133416.0088
    },
    "C:\\Users\\一枝禾苗压许青\\Desktop\\游戏开发\\MiGong\\assets\\Scripts.meta": {
      "time": 1735022133412.7927
    },
    "C:\\Users\\一枝禾苗压许青\\Desktop\\游戏开发\\MiGong\\assets\\resources\\Prefabs.meta": {
      "time": 1735022133422.1704
    },
    "C:\\Users\\一枝禾苗压许青\\Desktop\\游戏开发\\MiGong\\assets\\Scripts\\Map.meta": {
      "time": 1735022133424.2185
    },
    "C:\\Users\\一枝禾苗压许青\\Desktop\\游戏开发\\MiGong\\assets\\Scripts\\Player.meta": {
      "time": 1735022133430.6577
    },
    "C:\\Users\\一枝禾苗压许青\\Desktop\\游戏开发\\MiGong\\assets\\Scripts\\Properties.meta": {
      "time": 1735022133427.6582
    },
    "C:\\Users\\一枝禾苗压许青\\Desktop\\游戏开发\\MiGong\\assets\\Scripts\\UI.meta": {
      "time": 1735022133426.654
    },
    "C:\\Users\\一枝禾苗压许青\\Desktop\\游戏开发\\MiGong\\assets\\Scripts\\GameManager.ts.meta": {
      "time": 1735022133430.6577
    },
    "C:\\Users\\一枝禾苗压许青\\Desktop\\游戏开发\\MiGong\\assets\\Scripts\\Map\\MapController.ts.meta": {
      "time": 1735022133440.8362
    },
    "C:\\Users\\一枝禾苗压许青\\Desktop\\游戏开发\\MiGong\\assets\\Scripts\\Player\\PlayerController.ts.meta": {
      "time": 1735022133444.9492
    },
    "C:\\Users\\一枝禾苗压许青\\Desktop\\游戏开发\\MiGong\\assets\\Scripts\\Properties\\GameProperties.ts.meta": {
      "time": 1735022133444.9492
    },
    "C:\\Users\\一枝禾苗压许青\\Desktop\\游戏开发\\MiGong\\assets\\Scripts\\UI\\UIController.ts.meta": {
      "time": 1735022133439.8315
    },
    "C:\\Users\\一枝禾苗压许青\\Desktop\\游戏开发\\MiGong\\assets\\Scenes\\main.scene": {
      "time": 1735022133418.1052,
      "uuid": "1338428a-1d7c-435f-8e5e-d30576ac7a29"
    },
    "C:\\Users\\一枝禾苗压许青\\Desktop\\游戏开发\\MiGong\\assets\\resources\\Prefabs\\DestinationWall.prefab": {
      "time": 1735022133435.6575,
      "uuid": "a7f3afd8-f6e3-45bf-98ac-97b9397588a1"
    },
    "C:\\Users\\一枝禾苗压许青\\Desktop\\游戏开发\\MiGong\\assets\\resources\\Prefabs\\Player.prefab": {
      "time": 1735022133433.657,
      "uuid": "ee345157-ce29-49a3-be7f-f56617be9776"
    },
    "C:\\Users\\一枝禾苗压许青\\Desktop\\游戏开发\\MiGong\\assets\\resources\\Prefabs\\Wall.prefab": {
      "time": 1735022133434.6572,
      "uuid": "4cf9ec67-77fe-4fa2-b458-b0aaf43b2b30"
    },
    "C:\\Users\\一枝禾苗压许青\\Desktop\\游戏开发\\MiGong\\assets\\resources\\Prefabs\\WallManager.prefab": {
      "time": 1735022133436.8132,
      "uuid": "02a21b0f-6945-4b42-93a1-a9ae4a5bde35"
    },
    "C:\\Users\\一枝禾苗压许青\\Desktop\\游戏开发\\MiGong\\assets\\resources\\Prefabs\\Wall.prefab.meta": {
      "time": 1735022133437.819
    },
    "C:\\Users\\一枝禾苗压许青\\Desktop\\游戏开发\\MiGong\\assets\\resources\\Prefabs\\DestinationWall.prefab.meta": {
      "time": 1735022133433.657
    },
    "C:\\Users\\一枝禾苗压许青\\Desktop\\游戏开发\\MiGong\\assets\\resources\\Prefabs\\Player.prefab.meta": {
      "time": 1735022133432.657
    },
    "C:\\Users\\一枝禾苗压许青\\Desktop\\游戏开发\\MiGong\\assets\\resources\\Prefabs\\WallManager.prefab.meta": {
      "time": 1735022133438.8257
    },
    "C:\\Users\\一枝禾苗压许青\\Desktop\\游戏开发\\MiGong\\assets\\Scenes\\main.scene.meta": {
      "time": 1735022133419.131
    }
  },
  "missing": {}
}
